id,title,description,image
711158459,Sony PlayStation 4 (PS4) (Latest Model)- 500 GB Jet Black Console,"The PlayStation 4 system opens the door to an incredible journey through immersive new gaming worlds and a deeply connected gaming community. Step into living, breathing worlds where you are hero of your epic journey. Explore gritty urban environments, vast galactic landscapes, and fantastic historical settings brought to life on an epic scale, without limits. With an astounding launch lineup and over 180 games in development the PS4 system offers more top-tier blockbusters and inventive indie hits than any other next-gen console. The PS4 system is developer inspired, gamer focused. The PS4 system learns how you play and intuitively curates the content you use most often. Fire it up, and your PS4 system points the way to new, amazing experiences you can jump into alone or with friends. Create your own legend using a sophisticated, intuitive network built for gamers. Broadcast your gameplay live and direct to the world, complete with your commentary. Or immortalize your most epic moments and share at the press of a button. Access the best in music, movies, sports and television. PS4 system doesn t require a membership fee to access your digital entertainment subscriptions. You get the full spectrum of entertainment that matters to you on the PS4 system. PlayStation 4: The Best Place to Play The PlayStation 4 system provides dynamic, connected gaming, powerful graphics and speed, intelligent personalization, deeply integrated social capabilities, and innovative second-screen features. Combining unparalleled content, immersive gaming experiences, all of your favorite digital entertainment apps, and PlayStation exclusives, the PS4 system focuses on the gamers.Gamer Focused, Developer InspiredThe PS4 system focuses on the gamer, ensuring that the very best games and the most immersive experiences are possible on the platform.<br>Read more about the PS4 on ebay guides.</br>",http://thumbs2.ebaystatic.com/d/l225/m/mzvzEUIknaQclZ801YCY1ew.jpg
711158460,Sony PlayStation 4 (Latest Model)- 500 GB Jet Black Console,"The PlayStation 4 system opens the door to an incredible journey through immersive new gaming worlds and a deeply connected gaming community. Step into living, breathing worlds where you are hero of your epic journey. Explore gritty urban environments, vast galactic landscapes, and fantastic historical settings brought to life on an epic scale, without limits. With an astounding launch lineup and over 180 games in development the PS4 system offers more top-tier blockbusters and inventive indie hits than any other next-gen console. The PS4 system is developer inspired, gamer focused. The PS4 system learns how you play and intuitively curates the content you use most often. Fire it up, and your PS4 system points the way to new, amazing experiences you can jump into alone or with friends. Create your own legend using a sophisticated, intuitive network built for gamers. Broadcast your gameplay live and direct to the world, complete with your commentary. Or immortalize your most epic moments and share at the press of a button. Access the best in music, movies, sports and television. PS4 system doesn t require a membership fee to access your digital entertainment subscriptions. You get the full spectrum of entertainment that matters to you on the PS4 system. PlayStation 4: The Best Place to Play The PlayStation 4 system provides dynamic, connected gaming, powerful graphics and speed, intelligent personalization, deeply integrated social capabilities, and innovative second-screen features. Combining unparalleled content, immersive gaming experiences, all of your favorite digital entertainment apps, and PlayStation exclusives, the PS4 system focuses on the gamers.Gamer Focused, Developer InspiredThe PS4 system focuses on the gamer, ensuring that the very best games and the most immersive experiences are possible on the platform.<br>Read more about the PS4 on ebay guides.</br>",http://thumbs3.ebaystatic.com/d/l225/m/mJNDmSyIS3vUasKIJEBy4Cw.jpg
711158461,Sony PlayStation 4 PS4 500 GB Jet Black Console,"The PlayStation 4 system opens the door to an incredible journey through immersive new gaming worlds and a deeply connected gaming community. Step into living, breathing worlds where you are hero of your epic journey. Explore gritty urban environments, vast galactic landscapes, and fantastic historical settings brought to life on an epic scale, without limits. With an astounding launch lineup and over 180 games in development the PS4 system offers more top-tier blockbusters and inventive indie hits than any other next-gen console. The PS4 system is developer inspired, gamer focused. The PS4 system learns how you play and intuitively curates the content you use most often. Fire it up, and your PS4 system points the way to new, amazing experiences you can jump into alone or with friends. Create your own legend using a sophisticated, intuitive network built for gamers. Broadcast your gameplay live and direct to the world, complete with your commentary. Or immortalize your most epic moments and share at the press of a button. Access the best in music, movies, sports and television. PS4 system doesn t require a membership fee to access your digital entertainment subscriptions. You get the full spectrum of entertainment that matters to you on the PS4 system. PlayStation 4: The Best Place to Play The PlayStation 4 system provides dynamic, connected gaming, powerful graphics and speed, intelligent personalization, deeply integrated social capabilities, and innovative second-screen features. Combining unparalleled content, immersive gaming experiences, all of your favorite digital entertainment apps, and PlayStation exclusives, the PS4 system focuses on the gamers.Gamer Focused, Developer InspiredThe PS4 system focuses on the gamer, ensuring that the very best games and the most immersive experiences are possible on the platform.<br>Read more about the PS4 on ebay guides.</br>",http://thumbs4.ebaystatic.com/d/l225/m/m10NZXArmiIkpkTDDkAUVvA.jpg
711158462,Sony - PlayStation 4 500GB The Last of Us Remastered Bundle - Black,,http://thumbs2.ebaystatic.com/d/l225/m/mZZXTmAE8WZDH1l_E_PPAkg.jpg
711158463,Sony PlayStation 4 (PS4) (Latest Model)- 500 GB Jet Black Console,"The PlayStation 4 system opens the door to an incredible journey through immersive new gaming worlds and a deeply connected gaming community. Step into living, breathing worlds where you are hero of your epic journey. Explore gritty urban environments, vast galactic landscapes, and fantastic historical settings brought to life on an epic scale, without limits. With an astounding launch lineup and over 180 games in development the PS4 system offers more top-tier blockbusters and inventive indie hits than any other next-gen console. The PS4 system is developer inspired, gamer focused. The PS4 system learns how you play and intuitively curates the content you use most often. Fire it up, and your PS4 system points the way to new, amazing experiences you can jump into alone or with friends. Create your own legend using a sophisticated, intuitive network built for gamers. Broadcast your gameplay live and direct to the world, complete with your commentary. Or immortalize your most epic moments and share at the press of a button. Access the best in music, movies, sports and television. PS4 system doesn t require a membership fee to access your digital entertainment subscriptions. You get the full spectrum of entertainment that matters to you on the PS4 system. PlayStation 4: The Best Place to Play The PlayStation 4 system provides dynamic, connected gaming, powerful graphics and speed, intelligent personalization, deeply integrated social capabilities, and innovative second-screen features. Combining unparalleled content, immersive gaming experiences, all of your favorite digital entertainment apps, and PlayStation exclusives, the PS4 system focuses on the gamers.Gamer Focused, Developer InspiredThe PS4 system focuses on the gamer, ensuring that the very best games and the most immersive experiences are possible on the platform.<br>Read more about the PS4 on ebay guides.</br>",http://thumbs3.ebaystatic.com/d/l225/m/mzvzEUIknaQclZ801YCY1ew.jpg
711158464,Sony PlayStation 4 (PS4) (Latest Model)- 500 GB Jet Black Console,"The PlayStation 4 system opens the door to an incredible journey through immersive new gaming worlds and a deeply connected gaming community. Step into living, breathing worlds where you are hero of your epic journey. Explore gritty urban environments, vast galactic landscapes, and fantastic historical settings brought to life on an epic scale, without limits. With an astounding launch lineup and over 180 games in development the PS4 system offers more top-tier blockbusters and inventive indie hits than any other next-gen console. The PS4 system is developer inspired, gamer focused. The PS4 system learns how you play and intuitively curates the content you use most often. Fire it up, and your PS4 system points the way to new, amazing experiences you can jump into alone or with friends. Create your own legend using a sophisticated, intuitive network built for gamers. Broadcast your gameplay live and direct to the world, complete with your commentary. Or immortalize your most epic moments and share at the press of a button. Access the best in music, movies, sports and television. PS4 system doesn t require a membership fee to access your digital entertainment subscriptions. You get the full spectrum of entertainment that matters to you on the PS4 system. PlayStation 4: The Best Place to Play The PlayStation 4 system provides dynamic, connected gaming, powerful graphics and speed, intelligent personalization, deeply integrated social capabilities, and innovative second-screen features. Combining unparalleled content, immersive gaming experiences, all of your favorite digital entertainment apps, and PlayStation exclusives, the PS4 system focuses on the gamers.Gamer Focused, Developer InspiredThe PS4 system focuses on the gamer, ensuring that the very best games and the most immersive experiences are possible on the platform.<br>Read more about the PS4 on ebay guides.</br>",http://thumbs4.ebaystatic.com/d/l225/m/mzvzEUIknaQclZ801YCY1ew.jpg
711158465,BRAND NEW Sony PlayStation 4 BUNDLE 500gb,,http://thumbs4.ebaystatic.com/d/l225/m/m9TQTiWcWig7SeQh9algLZg.jpg
711158466,"Sony PlayStation 4 500GB, Dualshock Wireless Control, HDMI Gaming Console Refurb","The PlayStation 4 system opens the door to an incredible journey through immersive new gaming worlds and a deeply connected gaming community. Step into living, breathing worlds where you are hero of your epic journey. Explore gritty urban environments, vast galactic landscapes, and fantastic historical settings brought to life on an epic scale, without limits. With an astounding launch lineup and over 180 games in development the PS4 system offers more top-tier blockbusters and inventive indie hits than any other next-gen console. The PS4 system is developer inspired, gamer focused. The PS4 system learns how you play and intuitively curates the content you use most often. Fire it up, and your PS4 system points the way to new, amazing experiences you can jump into alone or with friends. Create your own legend using a sophisticated, intuitive network built for gamers. Broadcast your gameplay live and direct to the world, complete with your commentary. Or immortalize your most epic moments and share at the press of a button. Access the best in music, movies, sports and television. PS4 system doesn t require a membership fee to access your digital entertainment subscriptions. You get the full spectrum of entertainment that matters to you on the PS4 system. PlayStation 4: The Best Place to Play The PlayStation 4 system provides dynamic, connected gaming, powerful graphics and speed, intelligent personalization, deeply integrated social capabilities, and innovative second-screen features. Combining unparalleled content, immersive gaming experiences, all of your favorite digital entertainment apps, and PlayStation exclusives, the PS4 system focuses on the gamers.Gamer Focused, Developer InspiredThe PS4 system focuses on the gamer, ensuring that the very best games and the most immersive experiences are possible on the platform.<br>Read more about the PS4 on ebay guides.</br>",http://thumbs4.ebaystatic.com/d/l225/m/mTZYG5N6xWfBi4Ok03HmpMw.jpg
711158467,Sony PlayStation 4 (Latest Model)- 500 GB Jet Black Console w/ 2 Controllers,,http://thumbs2.ebaystatic.com/d/l225/m/mX5Qphrygqeoi7tAH5eku2A.jpg
711158468,Sony PlayStation 4 (Latest Model)- 500 GB Jet Black Console *NEW*,"The PlayStation 4 system opens the door to an incredible journey through immersive new gaming worlds and a deeply connected gaming community. Step into living, breathing worlds where you are hero of your epic journey. Explore gritty urban environments, vast galactic landscapes, and fantastic historical settings brought to life on an epic scale, without limits. With an astounding launch lineup and over 180 games in development the PS4 system offers more top-tier blockbusters and inventive indie hits than any other next-gen console. The PS4 system is developer inspired, gamer focused. The PS4 system learns how you play and intuitively curates the content you use most often. Fire it up, and your PS4 system points the way to new, amazing experiences you can jump into alone or with friends. Create your own legend using a sophisticated, intuitive network built for gamers. Broadcast your gameplay live and direct to the world, complete with your commentary. Or immortalize your most epic moments and share at the press of a button. Access the best in music, movies, sports and television. PS4 system doesn t require a membership fee to access your digital entertainment subscriptions. You get the full spectrum of entertainment that matters to you on the PS4 system. PlayStation 4: The Best Place to Play The PlayStation 4 system provides dynamic, connected gaming, powerful graphics and speed, intelligent personalization, deeply integrated social capabilities, and innovative second-screen features. Combining unparalleled content, immersive gaming experiences, all of your favorite digital entertainment apps, and PlayStation exclusives, the PS4 system focuses on the gamers.Gamer Focused, Developer InspiredThe PS4 system focuses on the gamer, ensuring that the very best games and the most immersive experiences are possible on the platform.<br>Read more about the PS4 on ebay guides.</br>",http://thumbs2.ebaystatic.com/d/l225/m/mGjN4IrJ0O8kKD_TYMWgGgQ.jpg
711158469,Sony PlayStation 4 (Latest Model)- 500 GB Jet Black Console..wth Mortal Kombat X,,http://thumbs2.ebaystatic.com/d/l225/m/mrpqSNXwlnUVKnEscE4348w.jpg
711158470,Genuine SONY PS4 Playstation 4 500GB Gaming Console - Black,,http://thumbs4.ebaystatic.com/d/l225/m/myrPBFCpb4H5rHI8NyiS2zA.jpg
711158471,[Sony] Playstation 4 PS4 Video Game Console Black - Latest Model,,http://thumbs4.ebaystatic.com/d/l225/m/mce0c7mCuv3xpjllJXx093w.jpg
711158472,Sony PlayStation 4 (Latest Model) 500 GB Jet Black Console,"The PlayStation 4 system opens the door to an incredible journey through immersive new gaming worlds and a deeply connected gaming community. Step into living, breathing worlds where you are hero of your epic journey. Explore gritty urban environments, vast galactic landscapes, and fantastic historical settings brought to life on an epic scale, without limits. With an astounding launch lineup and over 180 games in development the PS4 system offers more top-tier blockbusters and inventive indie hits than any other next-gen console. The PS4 system is developer inspired, gamer focused. The PS4 system learns how you play and intuitively curates the content you use most often. Fire it up, and your PS4 system points the way to new, amazing experiences you can jump into alone or with friends. Create your own legend using a sophisticated, intuitive network built for gamers. Broadcast your gameplay live and direct to the world, complete with your commentary. Or immortalize your most epic moments and share at the press of a button. Access the best in music, movies, sports and television. PS4 system doesn t require a membership fee to access your digital entertainment subscriptions. You get the full spectrum of entertainment that matters to you on the PS4 system. PlayStation 4: The Best Place to Play The PlayStation 4 system provides dynamic, connected gaming, powerful graphics and speed, intelligent personalization, deeply integrated social capabilities, and innovative second-screen features. Combining unparalleled content, immersive gaming experiences, all of your favorite digital entertainment apps, and PlayStation exclusives, the PS4 system focuses on the gamers.Gamer Focused, Developer InspiredThe PS4 system focuses on the gamer, ensuring that the very best games and the most immersive experiences are possible on the platform.<br>Read more about the PS4 on ebay guides.</br>",http://thumbs2.ebaystatic.com/d/l225/m/miVSA1xPO5fCNdYzEMc8rSQ.jpg
711158473,Sony PlayStation 4 - 500 GB Jet Black Console - WITH LAST OF US REMASTERED,,http://thumbs2.ebaystatic.com/d/l225/m/mLjnOxv2GWkrkCtgsDGhJ6A.jpg
711158474,Sony PlayStation 4 (Latest Model)- 500 GB Jet Black Console,,http://thumbs3.ebaystatic.com/d/l225/m/mjMittBaXmm_n4AMpETBXhQ.jpg
711158475,Sony PlayStation 4 (Latest Model)- 500 GB Jet Black Console,,http://thumbs2.ebaystatic.com/d/l225/m/m1n1qrJ7-VGbe7xQvGdeD6Q.jpg
711158476,"Sony PlayStation 4 - 500 GB Jet Black Console (3 controllers,3 games included)",,http://thumbs3.ebaystatic.com/d/l225/m/mIoGIj9FZG7HoEVkPlnyizA.jpg
711158477,Sony PlayStation 4 500GB Console with 2 Controllers,"The PlayStation 4 system opens the door to an incredible journey through immersive new gaming worlds and a deeply connected gaming community. Step into living, breathing worlds where you are hero of your epic journey. Explore gritty urban environments, vast galactic landscapes, and fantastic historical settings brought to life on an epic scale, without limits. With an astounding launch lineup and over 180 games in development the PS4 system offers more top-tier blockbusters and inventive indie hits than any other next-gen console. The PS4 system is developer inspired, gamer focused. The PS4 system learns how you play and intuitively curates the content you use most often. Fire it up, and your PS4 system points the way to new, amazing experiences you can jump into alone or with friends. Create your own legend using a sophisticated, intuitive network built for gamers. Broadcast your gameplay live and direct to the world, complete with your commentary. Or immortalize your most epic moments and share at the press of a button. Access the best in music, movies, sports and television. PS4 system doesn t require a membership fee to access your digital entertainment subscriptions. You get the full spectrum of entertainment that matters to you on the PS4 system. PlayStation 4: The Best Place to Play The PlayStation 4 system provides dynamic, connected gaming, powerful graphics and speed, intelligent personalization, deeply integrated social capabilities, and innovative second-screen features. Combining unparalleled content, immersive gaming experiences, all of your favorite digital entertainment apps, and PlayStation exclusives, the PS4 system focuses on the gamers.Gamer Focused, Developer InspiredThe PS4 system focuses on the gamer, ensuring that the very best games and the most immersive experiences are possible on the platform.<br>Read more about the PS4 on ebay guides.</br>",http://thumbs2.ebaystatic.com/d/l225/m/m4fuJ5Ibrj450-TZ83FAkIQ.jpg
711158478,Sony - PlayStation 4 500GB The Last of Us Remastered Bundle - Black,,http://thumbs3.ebaystatic.com/d/l225/m/mzXSIw8Hlnff8IjXJQrXJSw.jpg
711158479,Sony PlayStation 4 (Latest Model)- 500 GB Jet Black Console,,http://thumbs2.ebaystatic.com/d/l225/m/m-9S63CgFoUijY3ZTyNs3KA.jpg
711158480,Sony PlayStation 4 (Latest Model)- 500 GB Jet Black Console,,http://thumbs1.ebaystatic.com/d/l225/m/mdF9Bisg9wXjv_R9Y_13MWw.jpg
711158481,Sony PlayStation 4 (Latest Model)- 500 GB Jet Black Console*,,http://thumbs1.ebaystatic.com/d/l225/m/m4_OQHMmIOCa8uEkBepRR5A.jpg
711158482,Sony PlayStation 4 (Latest Model)- 500 GB Jet Black Console,,http://thumbs2.ebaystatic.com/d/l225/m/mZ0nR8iz-QAfLssJZMp3L5Q.jpg
711158483,[Sony] Playstation 4 PS4 1105A Video Game Console 500GB White - Latest Model,,http://thumbs4.ebaystatic.com/d/l225/m/m8iTz5cLQLNjD9D3O2jT3IQ.jpg
711158484,NEW! Clinique Repairwear Laser Focus Wrinkle Correcting Eye Cream  5ml,,http://thumbs2.ebaystatic.com/d/l225/m/mrraWCpvP5YKk5rYgotVDLg.jpg
711158485,Obagi Elastiderm Eye Treatment Cream 0.5 oz / 15g Authentic NiB Sealed [5],,http://thumbs1.ebaystatic.com/d/l225/m/mJ4ekz6_bDT5G7wYtjM-qRg.jpg
711158486,Lancome Renergie Eye Anti-Wrinkle & Firming Eye Cream 0.5oz New,,http://thumbs2.ebaystatic.com/d/l225/m/mxwwyDQraZ-TEtr_Y6qRi7Q.jpg
711158487,OZ Naturals - The BEST Eye Gel - Eye Cream For Dark Circles Puffiness and,,http://thumbs2.ebaystatic.com/d/l225/m/mk2Z-hX5sT4kUxfG6g_KFpg.jpg
711158488,Elastiderm Eye Cream (0.5oz/15g),,http://thumbs3.ebaystatic.com/d/l225/m/mHxb5WUc5MtGzCT2UXgY_hg.jpg
711158489,new CLINIQUE Repairwear Laser Focus Wrinkle Correcting Eye Cream 0.17 oz/ 5 ml,,http://thumbs1.ebaystatic.com/d/l225/m/mQSX2wfrSeGy3uA8Q4SbOKw.jpg
711158490,NIB Full Size Dermalogica Multivitamin Power Firm Eye Cream,,http://thumbs4.ebaystatic.com/d/l225/m/m2hxo12e5NjXgGiKIaCvTLA.jpg
711158491,24K Gold Collagen Anti-Dark Circles Anti-Aging Bio Essence Repairing Eye Cream,,http://thumbs4.ebaystatic.com/d/l225/m/mt96efUK5cPAe60B9aGmgMA.jpg
711158492,Clinique Repairwear Laser Focus Wrinkle Correcting Eye Cream Full Size .5oz 15mL,,http://thumbs3.ebaystatic.com/d/l225/m/mZyV3wKejCMx9RrnC8X-eMw.jpg
711158493,NEW! Clinique Repairwear Laser Focus Wrinkle Correcting Eye Cream  5ml,,http://thumbs4.ebaystatic.com/d/l225/m/m9hX_z_DFnbNCTh0VFv3KcQ.jpg
711158494,3 Clinique Repairwear Laser Focus Wrinkle Correcting Eye Cream .17 oz/5 ml Each,,http://thumbs1.ebaystatic.com/d/l225/m/mYiHsrGffCg_qgkTbUWZU1A.jpg
711158495,Lancome High Resolution Eye Cream .95 Oz Refill-3X .25 Oz Plus .20 Oz Lot,,http://thumbs1.ebaystatic.com/d/l225/m/mFuQxKoEKQ6wtk2bGxfKwow.jpg
711158496,NEW! Clinique Repairwear Laser Focus Wrinkle Correcting Eye Cream 5ml,,http://thumbs4.ebaystatic.com/d/l225/m/mLBRCDiELUnYos-vFmIcc7A.jpg
711158497,Neutrogena Rapid Wrinkle Repair Eye Cream -0.5 Oz. -New-,,http://thumbs4.ebaystatic.com/d/l225/m/mE1RWpCOxkCGuuiJBX6HiBQ.jpg
711158498,20g Snail Repair Eye Cream Natural Anti-Dark Circles Puffiness Aging Wrinkles,,http://thumbs4.ebaystatic.com/d/l225/m/mh4gBNzINDwds_r778sJRjg.jpg
711158499,Vichy-Neovadiol GF Eye & Lip Contour Cream 0.5 Fl. Oz,,http://thumbs4.ebaystatic.com/d/l225/m/m_6f0ofCm7PTzuithYuZx3w.jpg
711158500,Obagi Elastiderm Eye Cream 0.5 oz. New In Box. 100% Authentic! New Packaging!,,http://thumbs2.ebaystatic.com/d/l225/m/ma0PK-ASBXUiHERR19MyImA.jpg
711158501,NEW! Clinique Repairwear Laser Focus Wrinkle Correcting Eye Cream  .17oz / 5ml,,http://thumbs3.ebaystatic.com/d/l225/m/m72NaXYlcXcEeqQFKWvsdZA.jpg
711158502,Kiehl's CREAMY EYE TREATMENT cream with AVOCADO 0.5 oz FULL SIZE,,http://thumbs3.ebaystatic.com/d/l225/m/mOI407HnILb_tf-RgdvfYyA.jpg
711158503,Clinique repairwear laser focus wrinkle correcting eye cream .5 oz 15ml,,http://thumbs4.ebaystatic.com/d/l225/m/mQwNVst3bYG6QXouubmLaJg.jpg
711158504,Caudalie Premier Cru The Eye Cream La Creme New Anti Aging Eye Treatment,,http://thumbs1.ebaystatic.com/d/l225/m/mM4hPTAWXeOjovNk9s_Cqag.jpg
711158505,Jeunesse Instantly Ageless -- New Box Of 50 Sachets -- Eye - Face Wrinkle Cream,,http://thumbs2.ebaystatic.com/d/l225/m/m5EfWbi6ZYs4JpYcsl0Ubaw.jpg
711158506,VELOUR SKIN EYE CREAM .5 FL OZ 15ML NEW NIP ANTI-AGING WRINKLE CREAM,,http://thumbs1.ebaystatic.com/d/l225/m/m2uEf6q1yASH8FkWqYdOv1w.jpg
711158507,Shiseido White Lucent Anti-Dark Circles/Puffiness Eye Cream 15ml/.53oz Full Size,,http://thumbs1.ebaystatic.com/d/l225/m/m_CtzoqU2Vgv4GKx8ONS6qw.jpg
711158508,Murad Resurgence Renewing Eye Cream Anti-Aging .25 oz NEW Dark Circles Wrinkle,,http://thumbs1.ebaystatic.com/d/l225/m/mhWJC10iowgUDGm4KMQKNMg.jpg
711158509,D-Link DIR-615 300Mbps Wireless-N Router 4-Port w/Firewall,,http://thumbs3.ebaystatic.com/d/l225/m/mdSBH9ROXRn3TBb8OFDT6jA.jpg
711158510,Triton MOF001 2 1/4hp dual mode precision Router. New!! *3 day auction*,,http://thumbs1.ebaystatic.com/d/l225/m/mozWd2SBskbDBlWAKsMlVew.jpg
711158511,Porter-Cable  3-1/4 HP Five-Speed Router 7518 - Power Tools   Routers,,http://thumbs2.ebaystatic.com/d/l225/m/mpZDTXpiyesDrZh_FLMyqXQ.jpg
711158512,Linksys EA6900 AC1900 Wi-Fi Wireless Router Dual Band with Gigabit &USB 3.0 Port,,http://thumbs4.ebaystatic.com/d/l225/m/m3OfBSnHBDhhs_Ve-DSBKQw.jpg
711158513,Linksys EA6500 1300 Mbps 4-Port Gigabit Wireless AC Router,,http://thumbs1.ebaystatic.com/d/l225/m/m7cfymJPc7CLADoTiEYFzwA.jpg
711158514,Makita RT0700CX3 1-1/4 Horsepower Compact Router Kit / Trimmer NEW,,http://thumbs2.ebaystatic.com/d/l225/m/mr-F3rCxDYsLcj8hnmaRN4A.jpg
711158515,NETGEAR R6250 AC1600 Smart WiFi Dual Band Gigabit Router 802.11ac 300 1300 Mbps,,http://thumbs4.ebaystatic.com/d/l225/m/mc8Ic8Cq2lPqPnjNGAQBBCQ.jpg
711158516,NETGEAR Nighthawk AC1900 Dual Band Wi-Fi Gigabit Router (R7000) BRAND NEW SEALED,,http://thumbs3.ebaystatic.com/d/l225/m/mdL34EQi0l-Kg-DlvF6wpqA.jpg
711158517,Netgear WNDR3400 N600 Wireless Dual Band Router (WNDR3400-100),,http://thumbs4.ebaystatic.com/d/l225/m/mKr4cNk6utJXSdVYXzwrScQ.jpg
711158518,Netgear N600 300 Mbps 4-Port 10/100 Wireless N Router (WNDR3400),,http://thumbs2.ebaystatic.com/d/l225/m/mUPdyhbW9pzEm1VbqX0YudA.jpg
711158519,NETGEAR N600 WNDR3400 Wireless Dual Band Router F/S,,http://thumbs1.ebaystatic.com/d/l225/m/my55jF5kHnG9ipzFycnjooA.jpg
711158520,Netgear NIGHTHAWK  AC1900 1300 Mbps 4-Port Gigabit Wireless AC Router (R7000),,http://thumbs3.ebaystatic.com/d/l225/m/mrPLRTnWx_JXLNIp5pCBnzQ.jpg
711158521,Netgear N900 450 Mbps 4-Port Gigabit Wireless N Router (WNDR4500),,http://thumbs2.ebaystatic.com/d/l225/m/mXBL01faHlHm7Ukh188t3yQ.jpg
711158522,Netgear R6300V2 AC1750 1300 Mbps 4-Port Gigabit Wireless AC Router,,http://thumbs1.ebaystatic.com/d/l225/m/mTdnFB9Z71efYJ9I5-k186w.jpg
711158523,Makita RT0701C 1-1/4 HP Compact Router With FACTORY WARRANTY!!!,,http://thumbs2.ebaystatic.com/d/l225/m/m7AA4k3MzYFJcTlBrT3DwhA.jpg
711158524,"CISCO LINKSYS EA4500 DUAL-BAND N9000 WIRELESS ROUTER, 802.11N, UP TO 450 MBPs",,http://thumbs4.ebaystatic.com/d/l225/m/mwfVIXD3dZYt_qpHyprd7hg.jpg
711158525,Netgear N300 v.3 300 Mbps 5-Port 10/100 Wireless N Router (WNR2000),,http://thumbs4.ebaystatic.com/d/l225/m/mopRjvnZwbsVH9euqGov5kw.jpg
711158526,Netgear Nighthawk  R7000 2330 Mbps 4-Port Gigabit Wireless N Router...,,http://thumbs4.ebaystatic.com/d/l225/m/mns82UY4FfqYXPgqrpJ9Bzw.jpg
711158527,Netgear N900  450 Mbps 4-Port Gigabit Wireless N Router R4500 ~ FreE ShiPPinG ~,,http://thumbs1.ebaystatic.com/d/l225/m/m_o0mSRmySgJUuqHYDIQiuA.jpg
711158528,D-Link Wireless Router Model DIR-625,,http://thumbs2.ebaystatic.com/d/l225/m/mYPXwZMlDUjOQ3Sm3EtU37Q.jpg
711158529,D-Link DIR-657 300 Mbps 4-Port Gigabit Wireless N Router Hd Media Router 1000,"Stream multiple media content - videos, music and more to multiple devices all at the same time without lag or skipping. The HD Fuel technology in the DIR-657 lets you watch Netflix and Vudu , play your Wii or Xbox 360 online or make Skype calls all without worrying about the skipping or latency you might experience with standard routers. It does so by automatically giving extra bandwidth for video, gaming and VoIP calls using HD Fuel QoS technology. The D-Link HD Media Router 1000(DIR-657) also comes equipped with 4 Gigabit ports to provide speeds up to 10x faster than standard 10/100 ports. What s more, it uses 802.11n technology with multiple intelligent antennas to maximize the speed and range of your wireless signal to significantly outperform 802.11g devices.",http://thumbs1.ebaystatic.com/d/l225/m/m0xyPdWrdVKe7By4QFouVeA.jpg
711158530,D-Link DIR-860L AC1200  4-Port Cloud Router Gigabit Wireless 802.11 AC,,http://thumbs3.ebaystatic.com/d/l225/m/mk4KNj6oLm7863qCS-TqmbQ.jpg
711158531,D-Link DIR-862L Wireless AC1600 Dual Band Gigabit Router,,http://thumbs2.ebaystatic.com/d/l225/m/m6Arw8kaZ4EUbyKjHtJZLkA.jpg
711158532,LINKSYS AC1600 DUAL BAND SMART WI-FI ROUTER EA6400 BRAND NEW,,http://thumbs3.ebaystatic.com/d/l225/m/mdK7igTS7_TDD7ajfVqj-_w.jpg
711158533,Netgear AC1900 1300 Mbps 4-Port Gigabit Wireless AC Router (R7000),,http://thumbs4.ebaystatic.com/d/l225/m/mdL34EQi0l-Kg-DlvF6wpqA.jpg
711158534,Panasonic ES-LA63 Cordless Rechargeable  Men's Electric Shaver,,http://thumbs3.ebaystatic.com/d/l225/m/mzKKlCxbADObevcgoNjbXRg.jpg
711158535,Panasonic ARC 5 Best Mens Shaver,,http://thumbs4.ebaystatic.com/d/l225/m/mt34Y-u0okj-SqQm8Ng_rbQ.jpg
711158536,Panasonic Es8092 Wet Dry Electric Razor Shaver Cordless,,http://thumbs3.ebaystatic.com/d/l225/m/mlIxTz1LsVjXiZz2CzDquJw.jpg
711158537,Panasonic ARC4 ES-RF31-s Rechargeable Electric Shaver Wet/dry 4 Nanotech Blade,"Made for folks who need a great shave, the Panasonic electric shaver is convenient and consistent.  Featuring an ergonomic design, this Panasonic ES-RF31-S is ideal for keeping a stubble-free face, so you can retain wonderfully smooth skin.  With the precision blades included on the Panasonic electric shaver, you can get smooth shaves with every use.  As this men's electric shaver features a gentle shaving mechanism, you can help avoid burning sensations on tender skin.  Make sure you consistently get multiple perfect shaves without depleting the power with the exceptional shave time typical of this Panasonic ES-RF31-S.",http://thumbs1.ebaystatic.com/d/l225/m/mi4QM99Jq4oma5WLAL0K7Wg.jpg
711158538,"Panasonic ES3831K Single Blade Travel Shaver, Black New","Strong and trustworthy, the Panasonic electric shaver is built for folks who are worried about a wonderful shave every day.  This Panasonic ES3833S is just right for taming your beard, with an easy-to-maneuver design, so you can retain wonderfully soft skin.  Spend as much time as you need getting a complete shave by making use of the outstanding shave time typical of the Panasonic electric shaver.  Moreover, this men's electric shaver includes precision foil blades, so you can get wonderful shaves over a prolonged period.  With the gentle shaving mechanism on this Panasonic ES3833S, you can help avoid burning sensations on tender skin.",http://thumbs3.ebaystatic.com/d/l225/m/mfqMoj4xDlBFXp1ZznxCGbQ.jpg
711158539,Panasonic ES8103S Arc3 Electric Shaver Wet/Dry with Nanotech Blades for Men,,http://thumbs1.ebaystatic.com/d/l225/m/myaZLqzt3I7O-3xXxsJ_4fQ.jpg
711158540,Panasonic ES8103S Arc3 Electric Shaver Wet/Dry with Nanotech Blades,,http://thumbs1.ebaystatic.com/d/l225/m/mcrO4BkjBkM78XHm-aClRGg.jpg
711158543,Panasonic ES3831K Single Blade Wet & Dry Travel Shaver - New & Sealed,,http://thumbs4.ebaystatic.com/d/l225/m/mqWDU2mHsFWAuGosMIGcIMg.jpg
711158544,Panasonic ES8103S Arc 3 E W/O POUCH & MANUAL Men's Wet/Dry Rechargeable Shaver,,http://thumbs2.ebaystatic.com/d/l225/m/mZXgTj-fQfcgAlzOGQYkqFw.jpg
711158545,PANASONIC ES3831K Pro-Curve Battery Operated Travel Wet/Dry Shaver,,http://thumbs1.ebaystatic.com/d/l225/m/m8McQMCfgdp50trM_YJ88cw.jpg
711158546,PANASONIC ARC3 ES-LT33-S WET DRY WASHABLE RECHARGEABLE MEN'S ELECTRIC SHAVER NIB,,http://thumbs1.ebaystatic.com/d/l225/m/m9yUif5xyhGfh7Ag-_fcLdA.jpg
711158547,Panasonic ES-LV81-k  Arc 5 Wet & Dry Rechargeable Men's Foil Shaver  New,,http://thumbs1.ebaystatic.com/d/l225/m/mEfZHzDoKrH4DBfU8e_K93A.jpg
711158548,"NEW Panasonic ES-RF31-S 4 Blade Men's Electric Razor Wet/Dry, Factory Sealed",,http://thumbs2.ebaystatic.com/d/l225/m/mfhMhMoDkrGtqWW_IyqVGuQ.jpg
711158549,Panasonic ES8243A E Arc4 Men's Electric Shaver Wet/Dry,"eBay item number:181670746515


	Seller assumes all responsibility for this listing.

		Last updated on
		&nbsp;Mar 23, 2015 08:55:50 PDT&nbsp;
		View all revisions





					<strong>Item specifics</strong>
					<table>
		<tr>
	     		<th>Condition:</th>
	     		<td><strong>Used</strong>
	     		<strong>:</strong>


							</td></tr></table>",http://thumbs4.ebaystatic.com/d/l225/m/mcxFUwt3FrGEEPzT7cfQn7w.jpg
711158550,Panasonic ES-3833 Wet/Dry Men Shaver Razor Battery Operate Compact Travel ES3833,,http://thumbs2.ebaystatic.com/d/l225/m/mAqa9pHisKsLSk5nqMg4JJQ.jpg
711158551,Panasonic Pro-Curve ES3831K Shaver - Dry/Wet Technology - Stainless Steel Foil,,http://thumbs3.ebaystatic.com/d/l225/m/mGqD8eGIwseT5nsM53W3uRQ.jpg
711158552,Panasonic Wet and Dry Shaver - ES-RW30s ES-RW30-S,"The Panasonic electric shaver is well-suited to shielding particularly sensitive skin and providing a smooth shave.  It's both trustworthy and transportable.  Because this Panasonic ES-RW30-S has a gentle shaving mechanism, you can avoid irritation and raw feeling skin in particularly tender areas.  The Panasonic electric shaver is ideal for ridding yourself of stubble, with its special design, so you can sustain wonderfully supple skin.  The exceptional shave time featured on this men's electric shaver helps you to make sure you consistently receive many complete shaves without depleting the power.  Plus, this Panasonic ES-RW30-S features precision blades, so you can enjoy smooth shaves for months on end.",http://thumbs1.ebaystatic.com/d/l225/m/mvPElpjXmgo0NhP-P5F8LlQ.jpg
711158553,Panasonic ES-LF51-A Arc4 Electric Shaver Wet/Dry with Flexible Pivoting Head,,http://thumbs3.ebaystatic.com/d/l225/m/mC_zAQrMQKPLHdENU7N3UjQ.jpg
711158554,Panasonic ES8103S Arc3 Men's Electric Shaver Wet/Dry with Nanotech Blades,,http://thumbs3.ebaystatic.com/d/l225/m/moBByNwPn93-g-oBBceS2kw.jpg
711158555,panasonic ARC3 shaver es8103s,,http://thumbs1.ebaystatic.com/d/l225/m/mJlAp6t6OMIOaYgKnyelIMg.jpg
711158556,Panasonic ES-534 Men's Electric Shaver New ES534 Battery Operated Compact Travel,,http://thumbs3.ebaystatic.com/d/l225/m/mDr2kpZLVSdy1KTPVYK2YUg.jpg
711158557,Panasonic Portable Shaving Machine Cclippers Washable Single Blade Shaver+Brush,,http://thumbs3.ebaystatic.com/d/l225/m/mJdzJPoOALps0Lv4WtW2b0A.jpg
711158559,Baratza Solis Maestro Conical Burr Coffee Bean Grinder Works Great Nice Cond,,http://thumbs4.ebaystatic.com/d/l225/m/mdjbD7YFR6JRq-pkeajhK7w.jpg
711158560,Proctor Silex Fresh Grind Electric Coffee Bean Grinder White,,http://thumbs4.ebaystatic.com/d/l225/m/mtXoRn5Ytmqz0GLHYmBUxpA.jpg
711158561,Cuisinart 8-oz. Supreme Grind Automatic Burr Coffee Grinder,,http://thumbs4.ebaystatic.com/d/l225/m/my_9cXPvwwRVFqo6MXWfpag.jpg
